"customer_id","latest_payment_day","normalized_latest_payment_day","total_sales_per_customer","normalized_total_sales_per_customer","number_of_perchase_by_id","normalized_number_of_perchase_by_id"
184,"2007-04-30 09:50:22.996577","0.58823529411764705882","80.80","0.28793159786515630106","20","0.34210526315789473684"
87,"2007-05-14 13:44:29.996577","1.00000000000000000000","137.72","0.59791961659949896525","28","0.55263157894736842105"
477,"2007-04-30 20:21:27.996577","0.58823529411764705882","106.79","0.42947391351704607341","21","0.36842105263157894737"
273,"2007-04-30 18:17:07.996577","0.58823529411764705882","130.72","0.55979740768979414007","28","0.55263157894736842105"
550,"2007-05-14 13:44:29.996577","1.00000000000000000000","151.69","0.67400065352358130923","31","0.63157894736842105263"
51,"2007-04-30 04:15:20.996577","0.55882352941176470588","123.70","0.52156627818320444396","30","0.60526315789473684211"
394,"2007-05-14 13:44:29.996577","1.00000000000000000000","77.80","0.27159350833242566169","20","0.34210526315789473684"
272,"2007-04-30 08:54:45.996577","0.58823529411764705882","65.87","0.20662237229060015249","13","0.15789473684210526316"
70,"2007-04-29 17:36:23.996577","0.55882352941176470588","75.83","0.26086482953926587518","17","0.26315789473684210526"
190,"2007-05-14 13:44:29.996577","1.00000000000000000000","102.75","0.40747195294630214574","25","0.47368421052631578947"
350,"2007-04-27 15:23:51.996577","0.50000000000000000000","63.79","0.19529463021457357586","21","0.36842105263157894737"
539,"2007-04-30 12:46:42.996577","0.58823529411764705882","84.80","0.30971571724213048688","20","0.34210526315789473684"
554,"2007-04-11 07:31:19.996577","0.02941176470588235294","95.80","0.36962204552880949788","20","0.34210526315789473684"
278,"2007-04-30 20:24:39.996577","0.58823529411764705882","71.79","0.23886286896852194750","21","0.36842105263157894737"
424,"2007-05-14 13:44:29.996577","1.00000000000000000000","109.71","0.44537632066223722906","29","0.57894736842105263158"
406,"2007-04-30 22:08:48.996577","0.58823529411764705882","121.69","0.51061975819627491559","31","0.63157894736842105263"
176,"2007-04-30 08:56:21.996577","0.58823529411764705882","151.68","0.67394619322513887376","32","0.65789473684210526316"
576,"2007-05-14 13:44:29.996577","1.00000000000000000000","135.68","0.58680971571724213049","31","0.63157894736842105263"
309,"2007-04-30 14:18:36.996577","0.58823529411764705882","113.75","0.46737828123298115674","25","0.47368421052631578947"
292,"2007-04-30 10:07:39.996577","0.58823529411764705882","102.78","0.40763533384162945213","22","0.39473684210526315789"
509,"2007-04-30 22:53:26.996577","0.58823529411764705882","86.82","0.32071669752750245071","18","0.28947368421052631579"
271,"2007-04-30 20:40:09.996577","0.58823529411764705882","56.84","0.15744472279708092800","16","0.23684210526315789474"
22,"2007-05-14 13:44:29.996577","1.00000000000000000000","94.81","0.36423047598300838689","19","0.31578947368421052632"
156,"2007-04-30 19:02:19.996577","0.58823529411764705882","89.77","0.33678248556802091275","23","0.42105263157894736842"
417,"2007-05-14 13:44:29.996577","1.00000000000000000000","91.78","0.34772900555495044113","22","0.39473684210526315789"
556,"2007-04-30 19:29:13.996577","0.58823529411764705882","72.82","0.24447227970809280035","18","0.28947368421052631579"
475,"2007-04-30 21:39:27.996577","0.58823529411764705882","97.78","0.38040518462041171986","22","0.39473684210526315789"
529,"2007-04-30 17:38:43.996577","0.58823529411764705882","115.72","0.47810696002614094325","28","0.55263157894736842105"
282,"2007-05-14 13:44:29.996577","1.00000000000000000000","79.80","0.28248556802091275460","20","0.34210526315789473684"
173,"2007-04-30 22:54:56.996577","0.58823529411764705882","111.73","0.45637730094760919290","27","0.52631578947368421053"
390,"2007-04-30 17:51:51.996577","0.58823529411764705882","142.69","0.62498638492538939113","31","0.63157894736842105263"
269,"2007-05-14 13:44:29.996577","1.00000000000000000000","96.79","0.37501361507461060887","20","0.34210526315789473684"
261,"2007-04-30 11:50:20.996577","0.58823529411764705882","90.78","0.34228297571070689467","22","0.39473684210526315789"
502,"2007-04-30 12:11:26.996577","0.58823529411764705882","130.70","0.55968848709290926914","30","0.60526315789473684211"
42,"2007-05-14 13:44:29.996577","1.00000000000000000000","111.71","0.45626838035072432197","28","0.55263157894736842105"
189,"2007-04-30 22:47:27.996577","0.58823529411764705882","87.79","0.32599934647641869077","21","0.36842105263157894737"
161,"2007-04-30 19:36:58.996577","0.58823529411764705882","94.76","0.36395817449079620956","24","0.44736842105263157895"
117,"2007-04-29 14:47:43.996577","0.55882352941176470588","69.83","0.22818865047380459645","17","0.26315789473684210526"
257,"2007-04-30 20:39:20.996577","0.58823529411764705882","142.66","0.62482300403006208474","34","0.71052631578947368421"
125,"2007-04-30 22:37:33.996577","0.58823529411764705882","131.69","0.56508005663871038013","31","0.63157894736842105263"
113,"2007-04-30 22:29:10.996577","0.58823529411764705882","111.73","0.45637730094760919290","27","0.52631578947368421053"
40,"2007-04-30 15:22:09.996577","0.58823529411764705882","105.74","0.42375558218059034964","26","0.50000000000000000000"
43,"2007-05-14 13:44:29.996577","1.00000000000000000000","89.78","0.33683694586646334822","21","0.36842105263157894737"
587,"2007-05-14 13:44:29.996577","1.00000000000000000000","102.76","0.40752641324474458120","24","0.44736842105263157895"
120,"2007-05-14 13:44:29.996577","1.00000000000000000000","134.70","0.58147260646988345496","30","0.60526315789473684211"
578,"2007-04-30 22:36:27.996577","0.58823529411764705882","95.79","0.36956758523036706241","21","0.36842105263157894737"
440,"2007-05-14 13:44:29.996577","1.00000000000000000000","83.79","0.30421522709944450496","21","0.36842105263157894737"
187,"2007-04-30 12:27:07.996577","0.58823529411764705882","151.73","0.67421849471735105108","27","0.52631578947368421053"
349,"2007-05-14 13:44:29.996577","1.00000000000000000000","133.72","0.57613549722252477944","28","0.55263157894736842105"
57,"2007-04-30 21:55:39.996577","0.58823529411764705882","99.74","0.39107940311512907091","26","0.50000000000000000000"
19,"2007-04-30 22:09:01.996577","0.58823529411764705882","98.82","0.38606905565842500817","18","0.28947368421052631579"
160,"2007-04-30 18:45:35.996577","0.58823529411764705882","106.73","0.42914715172639146063","27","0.52631578947368421053"
506,"2007-04-30 15:11:09.996577","0.58823529411764705882","123.72","0.52167519878008931489","28","0.55263157894736842105"
508,"2007-05-14 13:44:29.996577","1.00000000000000000000","121.77","0.51105544058381439930","23","0.42105263157894736842"
242,"2007-04-30 19:38:40.996577","0.58823529411764705882","128.71","0.54885088770286461170","29","0.57894736842105263158"
357,"2007-04-30 12:12:41.996577","0.58823529411764705882","80.77","0.28776821696982899466","23","0.42105263157894736842"
331,"2007-04-30 22:48:07.996577","0.58823529411764705882","105.78","0.42397342337436009149","22","0.39473684210526315789"
599,"2007-04-30 05:09:45.996577","0.55882352941176470588","78.82","0.27714845877355407908","18","0.28947368421052631579"
266,"2007-04-30 07:26:50.996577","0.55882352941176470588","113.74","0.46732382093453872127","26","0.50000000000000000000"
315,"2007-05-14 13:44:29.996577","1.00000000000000000000","67.86","0.21745997168064480993","14","0.18421052631578947368"
307,"2007-04-30 20:25:58.996577","0.58823529411764705882","92.80","0.35328395599607885851","20","0.34210526315789473684"
366,"2007-05-14 13:44:29.996577","1.00000000000000000000","145.64","0.64105217296590785318","36","0.76315789473684210526"
91,"2007-05-14 13:44:29.996577","1.00000000000000000000","107.66","0.43421195948153795883","34","0.71052631578947368421"
305,"2007-04-30 07:54:22.996577","0.58823529411764705882","87.80","0.32605380677486112624","20","0.34210526315789473684"
54,"2007-04-30 03:12:44.996577","0.55882352941176470588","114.74","0.47276985077878226773","26","0.50000000000000000000"
29,"2007-05-14 13:44:29.996577","1.00000000000000000000","138.65","0.60298442435464546346","35","0.73684210526315789474"
4,"2007-04-30 17:26:26.996577","0.58823529411764705882","81.78","0.29326870711251497658","22","0.39473684210526315789"
181,"2007-05-14 13:44:29.996577","1.00000000000000000000","167.67","0.76102821043459318157","33","0.68421052631578947368"
96,"2007-04-30 17:08:41.996577","0.58823529411764705882","105.73","0.42370112188214791417","27","0.52631578947368421053"
466,"2007-04-30 12:59:04.996577","0.58823529411764705882","101.78","0.40218930399738590567","22","0.39473684210526315789"
201,"2007-04-30 17:03:51.996577","0.58823529411764705882","91.78","0.34772900555495044113","22","0.39473684210526315789"
10,"2007-04-30 13:55:33.996577","0.58823529411764705882","94.76","0.36395817449079620956","24","0.44736842105263157895"
35,"2007-04-30 04:36:08.996577","0.55882352941176470588","118.70","0.49433612896198671169","30","0.60526315789473684211"
107,"2007-05-14 13:44:29.996577","1.00000000000000000000","114.72","0.47266093018189739680","27","0.52631578947368421053"
6,"2007-04-28 17:15:49.996577","0.52941176470588235294","84.75","0.30944341574991830955","25","0.47368421052631578947"
446,"2007-04-30 07:48:07.996577","0.58823529411764705882","109.72","0.44543078096067966452","28","0.55263157894736842105"
220,"2007-04-30 20:48:55.996577","0.58823529411764705882","109.75","0.44559416185600697092","25","0.47368421052631578947"
86,"2007-04-30 17:40:15.996577","0.58823529411764705882","146.68","0.64671604400392114149","32","0.65789473684210526316"
400,"2007-04-30 22:44:15.996577","0.58823529411764705882","105.76","0.42386450277747522056","24","0.44736842105263157895"
219,"2007-05-14 13:44:29.996577","1.00000000000000000000","100.75","0.39657989325781505283","25","0.47368421052631578947"
241,"2007-04-30 23:33:30.996577","0.58823529411764705882","110.68","0.45065896961115346912","32","0.65789473684210526316"
175,"2007-05-14 13:44:29.996577","1.00000000000000000000","98.76","0.38574229386777039538","23","0.42105263157894736842"
363,"2007-04-30 15:27:08.996577","0.58823529411764705882","139.72","0.60881167628798605816","28","0.55263157894736842105"
596,"2007-05-14 13:44:29.996577","1.00000000000000000000","73.78","0.24970046835856660494","22","0.39473684210526315789"
285,"2007-04-29 06:53:13.996577","0.52941176470588235294","117.77","0.48927132120684021348","23","0.42105263157894736842"
50,"2007-04-30 22:26:09.996577","0.58823529411764705882","144.70","0.63593290491231891951","30","0.60526315789473684211"
231,"2007-04-30 06:35:07.996577","0.55882352941176470588","88.77","0.33133645572377736630","23","0.42105263157894736842"
66,"2007-04-30 06:59:11.996577","0.55882352941176470588","139.67","0.60853937479577388084","33","0.68421052631578947368"
340,"2007-04-30 10:34:08.996577","0.58823529411764705882","83.77","0.30410630650255963403","23","0.42105263157894736842"
512,"2007-05-14 13:44:29.996577","1.00000000000000000000","115.74","0.47821588062302581418","26","0.50000000000000000000"
523,"2007-04-30 06:09:24.996577","0.55882352941176470588","87.80","0.32605380677486112624","20","0.34210526315789473684"
356,"2007-04-30 23:24:35.996577","0.58823529411764705882","116.71","0.48349852957194205424","29","0.57894736842105263158"
13,"2007-04-30 19:58:07.996577","0.58823529411764705882","131.73","0.56529789783248012199","27","0.52631578947368421053"
391,"2007-04-30 23:27:18.996577","0.58823529411764705882","79.75","0.28221326652870057728","25","0.47368421052631578947"
487,"2007-04-30 22:13:35.996577","0.58823529411764705882","119.74","0.50000000000000000000","26","0.50000000000000000000"
458,"2007-04-28 19:37:12.996577","0.52941176470588235294","66.81","0.21174164034418908616","19","0.31578947368421052632"
414,"2007-04-30 19:30:12.996577","0.58823529411764705882","96.77","0.37490469447772573794","23","0.42105263157894736842"
2,"2007-04-30 21:08:19.996577","0.58823529411764705882","123.74","0.52178411937697418582","26","0.50000000000000000000"
368,"2007-04-30 18:44:24.996577","0.58823529411764705882","139.69","0.60864829539265875177","31","0.63157894736842105263"
246,"2007-04-30 23:30:44.996577","0.58823529411764705882","76.82","0.26625639908506698617","18","0.28947368421052631579"
75,"2007-05-14 13:44:29.996577","1.00000000000000000000","149.61","0.66267291144755473260","37","0.78947368421052631579"
128,"2007-04-30 19:56:43.996577","0.58823529411764705882","118.70","0.49433612896198671169","30","0.60526315789473684211"
166,"2007-04-30 03:40:27.996577","0.55882352941176470588","121.73","0.51083759939004465744","27","0.52631578947368421053"
538,"2007-04-30 15:21:09.996577","0.58823529411764705882","109.73","0.44548524125912209999","27","0.52631578947368421053"
344,"2007-04-30 08:56:47.996577","0.58823529411764705882","64.84","0.20101296155102929964","16","0.23684210526315789474"
595,"2007-04-30 22:25:20.996577","0.58823529411764705882","110.71","0.45082235050648077551","29","0.57894736842105263158"
142,"2007-05-14 13:44:29.996577","1.00000000000000000000","74.77","0.25509203790436771594","23","0.42105263157894736842"
152,"2007-05-14 13:44:29.996577","1.00000000000000000000","73.81","0.24986384925389391134","19","0.31578947368421052632"
534,"2007-05-14 13:44:29.996577","1.00000000000000000000","81.78","0.29326870711251497658","22","0.39473684210526315789"
410,"2007-05-14 13:44:29.996577","1.00000000000000000000","167.62","0.76075590894238100425","38","0.81578947368421052632"
428,"2007-04-30 15:37:28.996577","0.58823529411764705882","73.81","0.24986384925389391134","19","0.31578947368421052632"
355,"2007-05-14 13:44:29.996577","1.00000000000000000000","68.81","0.22263370003267617907","19","0.31578947368421052632"
222,"2007-04-30 17:30:33.996577","0.58823529411764705882","71.84","0.23913517046073412482","16","0.23684210526315789474"
381,"2007-04-30 17:12:55.996577","0.58823529411764705882","99.68","0.39075264132447445812","32","0.65789473684210526316"
38,"2007-04-30 19:36:59.996577","0.58823529411764705882","127.66","0.54313255636640888792","34","0.71052631578947368421"
359,"2007-05-14 13:44:29.996577","1.00000000000000000000","85.78","0.31505282648948916240","22","0.39473684210526315789"
597,"2007-05-14 13:44:29.996577","1.00000000000000000000","87.77","0.32589042587953381985","23","0.42105263157894736842"
193,"2007-05-14 13:44:29.996577","1.00000000000000000000","105.77","0.42391896307591765603","23","0.42105263157894736842"
164,"2007-04-29 20:51:24.996577","0.55882352941176470588","64.85","0.20106742184947173511","15","0.21052631578947368421"
548,"2007-05-14 13:44:29.996577","1.00000000000000000000","63.84","0.19556693170678575319","16","0.23684210526315789474"
217,"2007-04-30 15:42:03.996577","0.58823529411764705882","86.79","0.32055331663217514432","21","0.36842105263157894737"
453,"2007-04-30 18:52:26.996577","0.58823529411764705882","111.77","0.45659514214137893476","23","0.42105263157894736842"
186,"2007-05-14 13:44:29.996577","1.00000000000000000000","111.71","0.45626838035072432197","29","0.57894736842105263158"
47,"2007-04-30 13:35:30.996577","0.58823529411764705882","92.81","0.35333841629452129398","19","0.31578947368421052632"
501,"2007-04-30 17:07:54.996577","0.58823529411764705882","86.81","0.32066223722906001525","19","0.31578947368421052632"
177,"2007-04-30 10:52:43.996577","0.58823529411764705882","71.77","0.23875394837163707657","23","0.42105263157894736842"
182,"2007-04-28 15:18:52.996577","0.52941176470588235294","92.76","0.35306611480230911665","24","0.44736842105263157895"
545,"2007-04-30 14:04:09.996577","0.58823529411764705882","84.81","0.30977017754057292234","19","0.31578947368421052632"
18,"2007-04-30 07:41:47.996577","0.58823529411764705882","78.81","0.27709399847511164361","19","0.31578947368421052632"
528,"2007-04-30 22:11:08.996577","0.58823529411764705882","93.80","0.35872998584032240497","20","0.34210526315789473684"
110,"2007-04-27 21:08:32.996577","0.50000000000000000000","49.88","0.11954035508114584468","12","0.13157894736842105263"
145,"2007-04-30 09:33:21.996577","0.58823529411764705882","107.73","0.43459318157063500708","27","0.52631578947368421053"
27,"2007-04-30 13:08:18.996577","0.58823529411764705882","123.70","0.52156627818320444396","30","0.60526315789473684211"
143,"2007-04-30 19:44:57.996577","0.58823529411764705882","83.80","0.30426968739788694042","20","0.34210526315789473684"
563,"2007-04-29 20:16:06.996577","0.55882352941176470588","99.73","0.39102494281668663544","27","0.52631578947368421053"
557,"2007-05-14 13:44:29.996577","1.00000000000000000000","63.78","0.19524016991613114040","22","0.39473684210526315789"
496,"2007-05-14 13:44:29.996577","1.00000000000000000000","82.81","0.29887811785208582943","19","0.31578947368421052632"
58,"2007-05-14 13:44:29.996577","1.00000000000000000000","105.76","0.42386450277747522056","24","0.44736842105263157895"
228,"2007-05-14 13:44:29.996577","1.00000000000000000000","86.75","0.32033547543840540246","24","0.44736842105263157895"
485,"2007-04-30 23:47:19.996577","0.58823529411764705882","112.72","0.46176887049341030389","28","0.55263157894736842105"
294,"2007-04-30 23:41:48.996577","0.58823529411764705882","105.77","0.42391896307591765603","23","0.42105263157894736842"
229,"2007-05-14 13:44:29.996577","1.00000000000000000000","93.75","0.35845768434811022764","25","0.47368421052631578947"
481,"2007-04-30 21:54:31.996577","0.58823529411764705882","109.72","0.44543078096067966452","28","0.55263157894736842105"
559,"2007-04-30 20:46:22.996577","0.58823529411764705882","110.72","0.45087681080492321098","28","0.55263157894736842105"
304,"2007-04-30 15:58:14.996577","0.58823529411764705882","79.81","0.28254002831935519007","19","0.31578947368421052632"
52,"2007-05-14 13:44:29.996577","1.00000000000000000000","106.72","0.42909269142794902516","28","0.55263157894736842105"
438,"2007-05-14 13:44:29.996577","1.00000000000000000000","121.70","0.51067421849471735105","30","0.60526315789473684211"
382,"2007-04-30 05:59:27.996577","0.55882352941176470588","85.78","0.31505282648948916240","22","0.39473684210526315789"
258,"2007-04-30 06:08:25.996577","0.55882352941176470588","110.76","0.45109465199869295284","24","0.44736842105263157895"
378,"2007-04-30 11:48:34.996577","0.58823529411764705882","70.82","0.23358022001960570744","18","0.28947368421052631579"
341,"2007-04-29 16:41:15.996577","0.55882352941176470588","103.78","0.41308136368587299858","22","0.39473684210526315789"
483,"2007-04-29 03:27:22.996577","0.52941176470588235294","81.83","0.29354100860472715390","17","0.26315789473684210526"
450,"2007-05-14 13:44:29.996577","1.00000000000000000000","85.75","0.31488944559416185601","25","0.47368421052631578947"
405,"2007-05-14 13:44:29.996577","1.00000000000000000000","101.70","0.40175362160984642196","30","0.60526315789473684211"
84,"2007-04-30 06:18:36.996577","0.55882352941176470588","128.70","0.54879642740442217623","30","0.60526315789473684211"
170,"2007-04-30 23:09:49.996577","0.58823529411764705882","109.77","0.44570308245289184185","23","0.42105263157894736842"
192,"2007-05-14 13:44:29.996577","1.00000000000000000000","97.78","0.38040518462041171986","22","0.39473684210526315789"
276,"2007-04-30 20:49:12.996577","0.58823529411764705882","94.77","0.36401263478923864503","23","0.42105263157894736842"
513,"2007-04-30 16:34:32.996577","0.58823529411764705882","143.70","0.63048687506807537305","30","0.60526315789473684211"
101,"2007-05-14 13:44:29.996577","1.00000000000000000000","86.77","0.32044439603529027339","23","0.42105263157894736842"
473,"2007-04-30 07:54:34.996577","0.58823529411764705882","122.69","0.51606578804051846204","31","0.63157894736842105263"
69,"2007-05-14 13:44:29.996577","1.00000000000000000000","89.77","0.33678248556802091275","23","0.42105263157894736842"
379,"2007-04-30 17:29:28.996577","0.58823529411764705882","96.79","0.37501361507461060887","21","0.36842105263157894737"
320,"2007-04-30 22:51:08.996577","0.58823529411764705882","47.85","0.10848491449733144538","15","0.21052631578947368421"
115,"2007-05-14 13:44:29.996577","1.00000000000000000000","86.73","0.32022655484152053153","27","0.52631578947368421053"
375,"2007-04-29 23:35:29.996577","0.55882352941176470588","88.80","0.33149983661910467269","20","0.34210526315789473684"
97,"2007-04-30 01:47:54.996577","0.55882352941176470588","58.82","0.16822786188868314998","18","0.28947368421052631579"
415,"2007-04-30 11:20:43.996577","0.58823529411764705882","88.78","0.33139091602221980176","22","0.39473684210526315789"
108,"2007-05-14 13:44:29.996577","1.00000000000000000000","126.72","0.53801328831281995425","28","0.55263157894736842105"
408,"2007-04-30 07:53:40.996577","0.58823529411764705882","103.73","0.41280906219366082126","27","0.52631578947368421053"
59,"2007-04-30 21:25:00.996577","0.58823529411764705882","119.76","0.50010892059688487093","24","0.44736842105263157895"
589,"2007-04-30 09:26:42.996577","0.58823529411764705882","118.75","0.49460843045419888901","25","0.47368421052631578947"
127,"2007-04-30 23:03:51.996577","0.58823529411764705882","105.78","0.42397342337436009149","22","0.39473684210526315789"
555,"2007-04-30 18:29:00.996577","0.58823529411764705882","74.83","0.25541879969502232872","17","0.26315789473684210526"
522,"2007-04-30 23:51:41.996577","0.58823529411764705882","161.68","0.72840649166757433831","32","0.65789473684210526316"
329,"2007-04-30 17:51:30.996577","0.58823529411764705882","98.77","0.38579675416621283085","23","0.42105263157894736842"
567,"2007-04-30 21:34:59.996577","0.58823529411764705882","85.80","0.31516174708637403333","20","0.34210526315789473684"
44,"2007-05-14 13:44:29.996577","1.00000000000000000000","101.79","0.40224376429582834114","21","0.36842105263157894737"
11,"2007-05-14 13:44:29.996577","1.00000000000000000000","99.77","0.39124278401045637730","23","0.42105263157894736842"
575,"2007-04-30 07:26:01.996577","0.55882352941176470588","109.76","0.44564862215444940638","24","0.44736842105263157895"
401,"2007-04-30 21:57:31.996577","0.58823529411764705882","62.81","0.18995752096721490034","19","0.31578947368421052632"
153,"2007-04-30 16:39:43.996577","0.58823529411764705882","94.76","0.36395817449079620956","24","0.44736842105263157895"
279,"2007-05-14 13:44:29.996577","1.00000000000000000000","114.76","0.47287877137566713866","24","0.44736842105263157895"
507,"2007-04-30 03:31:18.996577","0.55882352941176470588","89.77","0.33678248556802091275","23","0.42105263157894736842"
214,"2007-05-14 13:44:29.996577","1.00000000000000000000","103.74","0.41286352249210325673","26","0.50000000000000000000"
9,"2007-05-14 13:44:29.996577","1.00000000000000000000","78.80","0.27703953817666920815","20","0.34210526315789473684"
419,"2007-04-30 20:50:26.996577","0.58823529411764705882","86.76","0.32038993573684783793","24","0.44736842105263157895"
543,"2007-04-30 22:39:45.996577","0.58823529411764705882","73.80","0.24980938895545147587","20","0.34210526315789473684"
565,"2007-04-30 16:57:35.996577","0.58823529411764705882","118.73","0.49449950985731401808","27","0.52631578947368421053"
566,"2007-04-30 21:29:57.996577","0.58823529411764705882","130.68","0.55957956649602439821","32","0.65789473684210526316"
551,"2007-04-30 14:04:05.996577","0.58823529411764705882","75.79","0.26064698834549613332","21","0.36842105263157894737"
532,"2007-05-14 13:44:29.996577","1.00000000000000000000","149.69","0.66310859383509421632","31","0.63157894736842105263"
85,"2007-04-30 19:44:59.996577","0.58823529411764705882","72.79","0.24430889881276549395","21","0.36842105263157894737"
457,"2007-05-14 13:44:29.996577","1.00000000000000000000","106.73","0.42914715172639146063","26","0.50000000000000000000"
592,"2007-05-14 13:44:29.996577","1.00000000000000000000","111.71","0.45626838035072432197","29","0.57894736842105263158"
281,"2007-04-28 20:33:50.996577","0.52941176470588235294","32.90","0.02706676832589042588","10","0.07894736842105263158"
95,"2007-04-30 20:12:56.996577","0.58823529411764705882","72.83","0.24452674000653523581","17","0.26315789473684210526"
259,"2007-04-30 20:17:10.996577","0.58823529411764705882","154.70","0.69039320335475438405","30","0.60526315789473684211"
553,"2007-04-30 13:33:48.996577","0.58823529411764705882","102.77","0.40758087354318701666","23","0.42105263157894736842"
519,"2007-04-30 23:46:53.996577","0.58823529411764705882","99.78","0.39129724430889881277","22","0.39473684210526315789"
302,"2007-04-30 17:38:29.996577","0.58823529411764705882","113.74","0.46732382093453872127","26","0.50000000000000000000"
172,"2007-04-30 11:43:01.996577","0.58823529411764705882","133.70","0.57602657662563990851","30","0.60526315789473684211"
409,"2007-04-30 13:27:31.996577","0.58823529411764705882","97.78","0.38040518462041171986","22","0.39473684210526315789"
30,"2007-04-30 16:09:01.996577","0.58823529411764705882","123.66","0.52134843698943470210","34","0.71052631578947368421"
288,"2007-04-30 19:47:52.996577","0.58823529411764705882","52.81","0.13549722252477943579","19","0.31578947368421052632"
21,"2007-05-14 13:44:29.996577","1.00000000000000000000","146.68","0.64671604400392114149","32","0.65789473684210526316"
521,"2007-05-14 13:44:29.996577","1.00000000000000000000","80.77","0.28776821696982899466","23","0.42105263157894736842"
3,"2007-04-30 20:14:12.996577","0.58823529411764705882","130.76","0.56001524888356388193","24","0.44736842105263157895"
324,"2007-05-14 13:44:29.996577","1.00000000000000000000","95.78","0.36951312493192462695","22","0.39473684210526315789"
249,"2007-04-28 09:01:48.996577","0.52941176470588235294","88.81","0.33155429691754710816","19","0.31578947368421052632"
398,"2007-04-30 13:44:17.996577","0.58823529411764705882","73.85","0.25008169044766365320","15","0.21052631578947368421"
255,"2007-04-30 05:50:18.996577","0.55882352941176470588","70.82","0.23358022001960570744","18","0.28947368421052631579"
388,"2007-05-14 13:44:29.996577","1.00000000000000000000","114.72","0.47266093018189739680","28","0.55263157894736842105"
165,"2007-04-30 10:35:24.996577","0.58823529411764705882","81.80","0.29337762770939984751","20","0.34210526315789473684"
56,"2007-05-14 13:44:29.996577","1.00000000000000000000","115.74","0.47821588062302581418","26","0.50000000000000000000"
151,"2007-04-30 18:30:28.996577","0.58823529411764705882","81.75","0.29310532621718767019","25","0.47368421052631578947"
296,"2007-05-14 13:44:29.996577","1.00000000000000000000","103.77","0.41302690338743056312","23","0.42105263157894736842"
209,"2007-04-30 13:28:41.996577","0.58823529411764705882","147.71","0.65232545474349199434","29","0.57894736842105263158"
74,"2007-04-30 17:42:46.996577","0.58823529411764705882","96.74","0.37474131358239843154","26","0.50000000000000000000"
138,"2007-04-30 22:56:19.996577","0.58823529411764705882","106.68","0.42887485023417928330","32","0.65789473684210526316"
34,"2007-04-30 09:45:59.996577","0.58823529411764705882","89.76","0.33672802526957847729","24","0.44736842105263157895"
418,"2007-04-30 00:43:01.996577","0.55882352941176470588","107.70","0.43442980067530770069","30","0.60526315789473684211"
245,"2007-05-14 13:44:29.996577","1.00000000000000000000","103.74","0.41286352249210325673","26","0.50000000000000000000"
205,"2007-04-30 18:42:34.996577","0.58823529411764705882","80.82","0.28804051846204117199","18","0.28947368421052631579"
67,"2007-04-30 04:01:51.996577","0.55882352941176470588","86.80","0.32060777693061757978","20","0.34210526315789473684"
407,"2007-04-29 19:54:17.996577","0.55882352941176470588","104.74","0.41830955233634680318","26","0.50000000000000000000"
325,"2007-04-30 18:14:55.996577","0.58823529411764705882","72.82","0.24447227970809280035","18","0.28947368421052631579"
90,"2007-04-30 23:21:06.996577","0.58823529411764705882","110.72","0.45087681080492321098","28","0.55263157894736842105"
443,"2007-04-30 18:36:10.996577","0.58823529411764705882","93.79","0.35867552554187996950","21","0.36842105263157894737"
387,"2007-04-28 16:55:55.996577","0.52941176470588235294","79.78","0.28237664742402788367","22","0.39473684210526315789"
484,"2007-04-30 21:50:46.996577","0.58823529411764705882","128.73","0.54895980829974948263","27","0.52631578947368421053"
334,"2007-05-14 13:44:29.996577","1.00000000000000000000","108.75","0.44014813201176342446","25","0.47368421052631578947"
144,"2007-04-30 10:10:36.996577","0.58823529411764705882","189.60","0.88045964491885415532","40","0.86842105263157894737"
558,"2007-04-29 23:08:09.996577","0.55882352941176470588","135.72","0.58702755691101187235","28","0.55263157894736842105"
540,"2007-04-30 09:59:17.996577","0.58823529411764705882","112.76","0.46198671168718004575","24","0.44736842105263157895"
39,"2007-04-30 20:04:33.996577","0.58823529411764705882","141.71","0.61964927567803071561","29","0.57894736842105263158"
168,"2007-05-14 13:44:29.996577","1.00000000000000000000","129.68","0.55413353665178085176","32","0.65789473684210526316"
598,"2007-04-30 17:44:18.996577","0.58823529411764705882","83.78","0.30416076680100206949","22","0.39473684210526315789"
471,"2007-04-30 22:30:36.996577","0.58823529411764705882","106.74","0.42920161202483389609","26","0.50000000000000000000"
526,"2007-04-30 23:07:21.996577","0.58823529411764705882","208.58","0.98382529136259666703","42","0.92105263157894736842"
393,"2007-04-30 21:08:57.996577","0.58823529411764705882","115.71","0.47805249972769850779","29","0.57894736842105263158"
287,"2007-05-14 13:44:29.996577","1.00000000000000000000","80.78","0.28782267726827143013","22","0.39473684210526315789"
524,"2007-04-29 07:58:10.996577","0.55882352941176470588","81.83","0.29354100860472715390","17","0.26315789473684210526"
464,"2007-04-30 02:04:00.996577","0.55882352941176470588","67.86","0.21745997168064480993","14","0.18421052631578947368"
312,"2007-04-30 09:28:20.996577","0.58823529411764705882","81.80","0.29337762770939984751","20","0.34210526315789473684"
167,"2007-04-30 00:57:05.996577","0.55882352941176470588","108.71","0.43993029081799368261","29","0.57894736842105263158"
498,"2007-04-30 05:28:34.996577","0.55882352941176470588","82.76","0.29860581635987365211","24","0.44736842105263157895"
277,"2007-04-30 12:49:25.996577","0.58823529411764705882","108.76","0.44020259231020585993","24","0.44736842105263157895"
290,"2007-04-30 23:02:18.996577","0.58823529411764705882","80.78","0.28782267726827143013","22","0.39473684210526315789"
494,"2007-04-30 22:52:43.996577","0.58823529411764705882","135.70","0.58691863631412700142","30","0.60526315789473684211"
469,"2007-04-30 18:27:08.996577","0.58823529411764705882","158.65","0.71190502123951639255","35","0.73684210526315789474"
300,"2007-05-14 13:44:29.996577","1.00000000000000000000","123.74","0.52178411937697418582","26","0.50000000000000000000"
118,"2007-04-30 17:33:01.996577","0.58823529411764705882","76.80","0.26614747848818211524","20","0.34210526315789473684"
317,"2007-05-14 13:44:29.996577","1.00000000000000000000","96.76","0.37485023417928330247","24","0.44736842105263157895"
284,"2007-05-14 13:44:29.996577","1.00000000000000000000","108.78","0.44031151290709073086","21","0.36842105263157894737"
342,"2007-04-30 23:30:48.996577","0.58823529411764705882","130.68","0.55957956649602439821","32","0.65789473684210526316"
488,"2007-04-30 23:51:26.996577","0.58823529411764705882","95.78","0.36951312493192462695","22","0.39473684210526315789"
126,"2007-04-30 22:20:47.996577","0.58823529411764705882","102.75","0.40747195294630214574","25","0.47368421052631578947"
194,"2007-04-30 05:53:21.996577","0.55882352941176470588","74.84","0.25547325999346476419","16","0.23684210526315789474"
360,"2007-04-30 16:57:52.996577","0.58823529411764705882","144.68","0.63582398431543404858","32","0.65789473684210526316"
463,"2007-04-30 18:50:43.996577","0.58823529411764705882","89.76","0.33672802526957847729","24","0.44736842105263157895"
99,"2007-05-14 13:44:29.996577","1.00000000000000000000","90.77","0.34222851541226445921","23","0.42105263157894736842"
476,"2007-05-14 13:44:29.996577","1.00000000000000000000","87.80","0.32605380677486112624","20","0.34210526315789473684"
367,"2007-04-30 19:48:39.996577","0.58823529411764705882","97.80","0.38051410521729659079","20","0.34210526315789473684"
374,"2007-05-14 13:44:29.996577","1.00000000000000000000","98.75","0.38568783356932795992","25","0.47368421052631578947"
588,"2007-04-30 17:25:55.996577","0.58823529411764705882","107.73","0.43459318157063500708","27","0.52631578947368421053"
41,"2007-05-14 13:44:29.996577","1.00000000000000000000","118.75","0.49460843045419888901","25","0.47368421052631578947"
46,"2007-04-30 18:44:47.996577","0.58823529411764705882","131.69","0.56508005663871038013","31","0.63157894736842105263"
206,"2007-04-30 21:34:10.996577","0.58823529411764705882","126.73","0.53806774861126238972","27","0.52631578947368421053"
439,"2007-04-30 15:50:05.996577","0.58823529411764705882","137.67","0.59764731510728678793","33","0.68421052631578947368"
224,"2007-04-30 10:34:24.996577","0.58823529411764705882","76.78","0.26603855789129724431","22","0.39473684210526315789"
586,"2007-04-30 12:38:14.996577","0.58823529411764705882","50.83","0.12471408343317721381","17","0.26315789473684210526"
53,"2007-05-14 13:44:29.996577","1.00000000000000000000","88.76","0.33128199542533493084","23","0.42105263157894736842"
32,"2007-04-30 00:10:29.996577","0.55882352941176470588","112.74","0.46187779109029517482","26","0.50000000000000000000"
572,"2007-04-30 23:16:05.996577","0.58823529411764705882","100.76","0.39663435355625748829","24","0.44736842105263157895"
336,"2007-05-14 13:44:29.996577","1.00000000000000000000","93.78","0.35862106524343753404","22","0.39473684210526315789"
318,"2007-04-30 16:54:17.996577","0.58823529411764705882","27.93","0.00000000000000000000","7","0.00000000000000000000"
275,"2007-04-30 12:59:57.996577","0.58823529411764705882","92.75","0.35301165450386668119","25","0.47368421052631578947"
247,"2007-04-28 12:17:04.996577","0.52941176470588235294","88.81","0.33155429691754710816","19","0.31578947368421052632"
260,"2007-04-30 10:19:20.996577","0.58823529411764705882","113.70","0.46710597974076897941","30","0.60526315789473684211"
423,"2007-04-30 04:23:57.996577","0.55882352941176470588","120.74","0.50544602984424354645","26","0.50000000000000000000"
136,"2007-04-30 15:43:53.996577","0.58823529411764705882","59.86","0.17389173292669643830","14","0.18421052631578947368"
139,"2007-04-30 19:16:57.996577","0.58823529411764705882","113.73","0.46726936063609628581","27","0.52631578947368421053"
442,"2007-04-30 17:13:56.996577","0.58823529411764705882","104.71","0.41814617144101949679","29","0.57894736842105263158"
354,"2007-05-14 13:44:29.996577","1.00000000000000000000","125.67","0.53229495697636423048","32","0.65789473684210526316"
12,"2007-04-30 12:18:09.996577","0.58823529411764705882","93.74","0.35840322404966779218","26","0.50000000000000000000"
593,"2007-04-30 21:59:57.996577","0.58823529411764705882","101.76","0.40208038340050103475","24","0.44736842105263157895"
479,"2007-05-14 13:44:29.996577","1.00000000000000000000","134.71","0.58152706676832589043","29","0.57894736842105263158"
293,"2007-04-30 08:07:41.996577","0.58823529411764705882","107.79","0.43491994336128961987","21","0.36842105263157894737"
411,"2007-05-14 13:44:29.996577","1.00000000000000000000","73.76","0.24959154776168173402","24","0.44736842105263157895"
425,"2007-04-30 21:41:00.996577","0.58823529411764705882","98.75","0.38568783356932795992","25","0.47368421052631578947"
495,"2007-05-14 13:44:29.996577","1.00000000000000000000","110.76","0.45109465199869295284","24","0.44736842105263157895"
154,"2007-04-30 14:00:54.996577","0.58823529411764705882","110.73","0.45093127110336564644","27","0.52631578947368421053"
234,"2007-05-14 13:44:29.996577","1.00000000000000000000","106.75","0.42925607232327633155","25","0.47368421052631578947"
316,"2007-04-30 22:51:05.996577","0.58823529411764705882","80.81","0.28798605816359873652","19","0.31578947368421052632"
474,"2007-05-14 13:44:29.996577","1.00000000000000000000","92.75","0.35301165450386668119","25","0.47368421052631578947"
403,"2007-04-30 22:04:08.996577","0.58823529411764705882","162.67","0.73379806121337544930","33","0.68421052631578947368"
256,"2007-04-30 19:39:22.996577","0.58823529411764705882","97.75","0.38024180372508441346","25","0.47368421052631578947"
332,"2007-04-30 17:55:48.996577","0.58823529411764705882","107.74","0.43464764186907744254","26","0.50000000000000000000"
33,"2007-05-14 13:44:29.996577","1.00000000000000000000","88.80","0.33149983661910467269","20","0.34210526315789473684"
422,"2007-05-14 13:44:29.996577","1.00000000000000000000","96.75","0.37479577388084086701","25","0.47368421052631578947"
549,"2007-04-30 22:53:31.996577","0.58823529411764705882","62.84","0.19012090186254220673","16","0.23684210526315789474"
264,"2007-05-14 13:44:29.996577","1.00000000000000000000","98.75","0.38568783356932795992","25","0.47368421052631578947"
185,"2007-04-30 21:32:39.996577","0.58823529411764705882","79.80","0.28248556802091275460","20","0.34210526315789473684"
215,"2007-05-14 13:44:29.996577","1.00000000000000000000","81.76","0.29315978651563010565","24","0.44736842105263157895"
380,"2007-04-30 13:08:01.996577","0.58823529411764705882","132.65","0.57030824528918418473","35","0.73684210526315789474"
130,"2007-04-30 20:47:42.996577","0.58823529411764705882","87.78","0.32594488617797625531","22","0.39473684210526315789"
270,"2007-04-30 18:11:44.996577","0.58823529411764705882","75.81","0.26075590894238100425","19","0.31578947368421052632"
23,"2007-05-14 13:44:29.996577","1.00000000000000000000","106.73","0.42914715172639146063","27","0.52631578947368421053"
486,"2007-04-30 18:34:11.996577","0.58823529411764705882","100.77","0.39668881385469992376","23","0.42105263157894736842"
435,"2007-04-30 13:30:59.996577","0.58823529411764705882","78.77","0.27687615728134190175","23","0.42105263157894736842"
384,"2007-04-29 06:06:14.996577","0.52941176470588235294","77.79","0.27153904803398322623","21","0.36842105263157894737"
351,"2007-04-30 19:49:25.996577","0.58823529411764705882","87.77","0.32589042587953381985","23","0.42105263157894736842"
116,"2007-04-30 12:36:16.996577","0.58823529411764705882","106.74","0.42920161202483389609","26","0.50000000000000000000"
552,"2007-04-30 16:38:22.996577","0.58823529411764705882","89.80","0.33694586646334821915","20","0.34210526315789473684"
314,"2007-04-30 15:42:56.996577","0.58823529411764705882","113.71","0.46716044003921141488","29","0.57894736842105263158"
386,"2007-04-30 05:18:32.996577","0.55882352941176470588","109.72","0.44543078096067966452","28","0.55263157894736842105"
431,"2007-05-14 13:44:29.996577","1.00000000000000000000","92.78","0.35317503539919398758","22","0.39473684210526315789"
426,"2007-04-30 21:58:17.996577","0.58823529411764705882","125.74","0.53267617906546127873","26","0.50000000000000000000"
433,"2007-04-30 14:43:03.996577","0.58823529411764705882","113.77","0.46748720182986602767","23","0.42105263157894736842"
364,"2007-04-30 18:56:35.996577","0.58823529411764705882","89.78","0.33683694586646334822","22","0.39473684210526315789"
491,"2007-04-30 22:11:30.996577","0.58823529411764705882","120.75","0.50550049014268598192","25","0.47368421052631578947"
462,"2007-04-30 12:34:10.996577","0.58823529411764705882","152.69","0.67944668336782485568","31","0.63157894736842105263"
299,"2007-04-30 23:19:20.996577","0.58823529411764705882","84.79","0.30966125694368805141","21","0.36842105263157894737"
169,"2007-04-30 11:12:06.996577","0.58823529411764705882","86.80","0.32060777693061757978","20","0.34210526315789473684"
92,"2007-04-30 12:26:20.996577","0.58823529411764705882","122.74","0.51633808953273063936","26","0.50000000000000000000"
345,"2007-04-30 23:32:54.996577","0.58823529411764705882","104.79","0.41858185382855898050","21","0.36842105263157894737"
541,"2007-04-30 02:12:09.996577","0.55882352941176470588","95.78","0.36951312493192462695","22","0.39473684210526315789"
436,"2007-04-30 23:34:53.996577","0.58823529411764705882","126.73","0.53806774861126238972","27","0.52631578947368421053"
180,"2007-05-14 13:44:29.996577","1.00000000000000000000","95.78","0.36951312493192462695","22","0.39473684210526315789"
437,"2007-04-30 16:28:54.996577","0.58823529411764705882","85.80","0.31516174708637403333","20","0.34210526315789473684"
236,"2007-05-14 13:44:29.996577","1.00000000000000000000","166.61","0.75525541879969502233","39","0.84210526315789473684"
263,"2007-05-14 13:44:29.996577","1.00000000000000000000","116.73","0.48360745016882692517","27","0.52631578947368421053"
197,"2007-04-30 21:35:06.996577","0.58823529411764705882","133.68","0.57591765602875503758","32","0.65789473684210526316"
135,"2007-05-14 13:44:29.996577","1.00000000000000000000","100.72","0.39641651236248774643","28","0.55263157894736842105"
493,"2007-05-14 13:44:29.996577","1.00000000000000000000","104.78","0.41852739353011654504","22","0.39473684210526315789"
470,"2007-04-30 19:37:07.996577","0.58823529411764705882","157.69","0.70667683258904258795","31","0.63157894736842105263"
454,"2007-04-30 17:32:56.996577","0.58823529411764705882","143.68","0.63037795447119050212","32","0.65789473684210526316"
482,"2007-04-30 12:00:57.996577","0.58823529411764705882","125.74","0.53267617906546127873","26","0.50000000000000000000"
227,"2007-05-14 13:44:29.996577","1.00000000000000000000","78.78","0.27693061757978433722","22","0.39473684210526315789"
500,"2007-04-30 14:27:34.996577","0.58823529411764705882","96.75","0.37479577388084086701","25","0.47368421052631578947"
149,"2007-04-30 20:59:15.996577","0.58823529411764705882","116.75","0.48371637076571179610","25","0.47368421052631578947"
478,"2007-04-30 20:08:14.996577","0.58823529411764705882","86.81","0.32066223722906001525","19","0.31578947368421052632"
311,"2007-04-30 22:31:04.996577","0.58823529411764705882","80.85","0.28820389935736847838","15","0.21052631578947368421"
73,"2007-05-14 13:44:29.996577","1.00000000000000000000","89.78","0.33683694586646334822","22","0.39473684210526315789"
577,"2007-04-29 14:18:03.996577","0.55882352941176470588","111.74","0.45643176124605162836","26","0.50000000000000000000"
103,"2007-04-30 18:10:33.996577","0.58823529411764705882","128.71","0.54885088770286461170","29","0.57894736842105263158"
505,"2007-05-14 13:44:29.996577","1.00000000000000000000","91.81","0.34789238645027774752","19","0.31578947368421052632"
280,"2007-04-30 07:17:52.996577","0.55882352941176470588","103.77","0.41302690338743056312","23","0.42105263157894736842"
239,"2007-04-30 11:33:55.996577","0.58823529411764705882","108.72","0.43998475111643611807","28","0.55263157894736842105"
121,"2007-04-30 02:28:45.996577","0.55882352941176470588","104.75","0.41836401263478923865","25","0.47368421052631578947"
88,"2007-04-29 15:12:05.996577","0.55882352941176470588","84.80","0.30971571724213048688","20","0.34210526315789473684"
420,"2007-04-30 17:12:42.996577","0.58823529411764705882","74.80","0.25525541879969502233","20","0.34210526315789473684"
188,"2007-05-14 13:44:29.996577","1.00000000000000000000","92.75","0.35301165450386668119","25","0.47368421052631578947"
461,"2007-04-30 22:26:56.996577","0.58823529411764705882","90.73","0.34201067421849471735","27","0.52631578947368421053"
240,"2007-04-29 23:39:37.996577","0.55882352941176470588","106.77","0.42936499292016120248","23","0.42105263157894736842"
561,"2007-05-14 13:44:29.996577","1.00000000000000000000","86.75","0.32033547543840540246","25","0.47368421052631578947"
328,"2007-04-30 10:36:01.996577","0.58823529411764705882","65.83","0.20640453109683041063","17","0.26315789473684210526"
525,"2007-05-14 13:44:29.996577","1.00000000000000000000","68.82","0.22268816033111861453","18","0.28947368421052631579"
196,"2007-04-30 22:57:04.996577","0.58823529411764705882","128.69","0.54874196710597974077","31","0.63157894736842105263"
291,"2007-04-30 13:24:12.996577","0.58823529411764705882","73.83","0.24997276985077878227","17","0.26315789473684210526"
15,"2007-05-14 13:44:29.996577","1.00000000000000000000","134.68","0.58136368587299858403","31","0.63157894736842105263"
226,"2007-04-29 12:33:38.996577","0.55882352941176470588","87.79","0.32599934647641869077","21","0.36842105263157894737"
210,"2007-04-29 17:01:13.996577","0.55882352941176470588","134.70","0.58147260646988345496","30","0.60526315789473684211"
48,"2007-04-30 18:46:53.996577","0.58823529411764705882","67.86","0.21745997168064480993","14","0.18421052631578947368"
447,"2007-04-30 14:25:05.996577","0.58823529411764705882","109.73","0.44548524125912209999","27","0.52631578947368421053"
298,"2007-04-29 17:00:39.996577","0.55882352941176470588","78.79","0.27698507787822677268","21","0.36842105263157894737"
61,"2007-04-30 01:57:33.996577","0.55882352941176470588","57.87","0.16305413353665178085","13","0.15789473684210526316"
81,"2007-04-30 20:48:35.996577","0.58823529411764705882","92.79","0.35322949569763642305","21","0.36842105263157894737"
244,"2007-05-14 13:44:29.996577","1.00000000000000000000","122.70","0.51612024833896089751","30","0.60526315789473684211"
468,"2007-04-30 05:34:55.996577","0.55882352941176470588","154.66","0.69017536216098464220","34","0.71052631578947368421"
251,"2007-05-14 13:44:29.996577","1.00000000000000000000","100.75","0.39657989325781505283","25","0.47368421052631578947"
204,"2007-04-30 18:34:50.996577","0.58823529411764705882","134.69","0.58141814617144101950","31","0.63157894736842105263"
104,"2007-04-30 16:00:29.996577","0.58823529411764705882","77.78","0.27148458773554079076","22","0.39473684210526315789"
5,"2007-05-14 13:44:29.996577","1.00000000000000000000","134.65","0.58120030497767127764","35","0.73684210526315789474"
171,"2007-04-30 06:42:55.996577","0.55882352941176470588","104.75","0.41836401263478923865","25","0.47368421052631578947"
456,"2007-04-29 17:41:41.996577","0.55882352941176470588","95.76","0.36940420433503975602","24","0.44736842105263157895"
397,"2007-04-30 22:22:52.996577","0.58823529411764705882","104.72","0.41820063173946193225","28","0.55263157894736842105"
531,"2007-04-30 07:21:11.996577","0.55882352941176470588","110.77","0.45114911229713538830","23","0.42105263157894736842"
427,"2007-04-30 15:28:17.996577","0.58823529411764705882","107.77","0.43481102276440474894","23","0.42105263157894736842"
283,"2007-04-30 21:41:19.996577","0.58823529411764705882","68.77","0.22241585883890643721","23","0.42105263157894736842"
347,"2007-04-30 12:06:17.996577","0.58823529411764705882","142.70","0.62504084522383182660","30","0.60526315789473684211"
179,"2007-04-30 22:13:49.996577","0.58823529411764705882","120.74","0.50544602984424354645","26","0.50000000000000000000"
546,"2007-04-30 19:44:46.996577","0.58823529411764705882","94.76","0.36395817449079620956","24","0.44736842105263157895"
562,"2007-04-28 18:25:57.996577","0.52941176470588235294","97.78","0.38040518462041171986","22","0.39473684210526315789"
297,"2007-04-30 20:58:36.996577","0.58823529411764705882","99.74","0.39107940311512907091","26","0.50000000000000000000"
321,"2007-04-30 15:36:57.996577","0.58823529411764705882","93.83","0.35889336673564971136","17","0.26315789473684210526"
361,"2007-05-14 13:44:29.996577","1.00000000000000000000","89.71","0.33645572377736629997","28","0.55263157894736842105"
303,"2007-04-30 23:25:13.996577","0.58823529411764705882","70.81","0.23352575972116327197","19","0.31578947368421052632"
105,"2007-04-30 11:25:10.996577","0.58823529411764705882","93.78","0.35862106524343753404","22","0.39473684210526315789"
402,"2007-04-30 08:36:59.996577","0.58823529411764705882","77.81","0.27164796863086809716","19","0.31578947368421052632"
472,"2007-05-14 13:44:29.996577","1.00000000000000000000","131.74","0.56535235813092255746","26","0.50000000000000000000"
444,"2007-04-30 03:34:28.996577","0.55882352941176470588","105.72","0.42364666158370547871","28","0.55263157894736842105"
445,"2007-04-30 16:23:24.996577","0.58823529411764705882","96.76","0.37485023417928330247","24","0.44736842105263157895"
233,"2007-04-30 01:17:46.996577","0.55882352941176470588","89.77","0.33678248556802091275","23","0.42105263157894736842"
537,"2007-05-14 13:44:29.996577","1.00000000000000000000","98.76","0.38574229386777039538","24","0.44736842105263157895"
93,"2007-04-28 22:44:49.996577","0.52941176470588235294","76.80","0.26614747848818211524","20","0.34210526315789473684"
89,"2007-04-30 21:46:23.996577","0.58823529411764705882","124.71","0.52706676832589042588","29","0.57894736842105263158"
373,"2007-05-14 13:44:29.996577","1.00000000000000000000","156.66","0.70106742184947173511","34","0.71052631578947368421"
252,"2007-05-14 13:44:29.996577","1.00000000000000000000","58.80","0.16811894129179827905","20","0.34210526315789473684"
31,"2007-04-30 03:22:22.996577","0.55882352941176470588","104.74","0.41830955233634680318","26","0.50000000000000000000"
343,"2007-04-30 20:53:00.996577","0.58823529411764705882","106.77","0.42936499292016120248","23","0.42105263157894736842"
467,"2007-04-29 18:10:59.996577","0.55882352941176470588","134.72","0.58158152706676832589","28","0.55263157894736842105"
327,"2007-05-14 13:44:29.996577","1.00000000000000000000","74.81","0.25530987909813745779","19","0.31578947368421052632"
253,"2007-04-30 02:44:40.996577","0.55882352941176470588","116.74","0.48366191046726936064","26","0.50000000000000000000"
14,"2007-05-14 13:44:29.996577","1.00000000000000000000","96.77","0.37490469447772573794","23","0.42105263157894736842"
581,"2007-04-30 20:31:00.996577","0.58823529411764705882","97.75","0.38024180372508441346","25","0.47368421052631578947"
109,"2007-04-30 12:08:08.996577","0.58823529411764705882","79.81","0.28254002831935519007","19","0.31578947368421052632"
497,"2007-05-14 13:44:29.996577","1.00000000000000000000","121.73","0.51083759939004465744","27","0.52631578947368421053"
155,"2007-05-14 13:44:29.996577","1.00000000000000000000","106.76","0.42931053262171876702","23","0.42105263157894736842"
133,"2007-04-30 10:16:14.996577","0.58823529411764705882","88.75","0.33122753512689249537","25","0.47368421052631578947"
416,"2007-04-30 17:53:16.996577","0.58823529411764705882","113.72","0.46721490033765385034","28","0.55263157894736842105"
195,"2007-04-30 15:58:57.996577","0.58823529411764705882","86.81","0.32066223722906001525","19","0.31578947368421052632"
199,"2007-05-14 13:44:29.996577","1.00000000000000000000","95.76","0.36940420433503975602","24","0.44736842105263157895"
372,"2007-04-30 08:19:40.996577","0.58823529411764705882","152.68","0.67939222306938242022","32","0.65789473684210526316"
369,"2007-05-14 13:44:29.996577","1.00000000000000000000","69.79","0.22797080928003485459","21","0.36842105263157894737"
441,"2007-05-14 13:44:29.996577","1.00000000000000000000","107.73","0.43459318157063500708","27","0.52631578947368421053"
339,"2007-04-30 11:22:29.996577","0.58823529411764705882","95.76","0.36940420433503975602","24","0.44736842105263157895"
243,"2007-04-30 22:58:10.996577","0.58823529411764705882","77.77","0.27143012743709835530","23","0.42105263157894736842"
335,"2007-05-14 13:44:29.996577","1.00000000000000000000","73.78","0.24970046835856660494","22","0.39473684210526315789"
591,"2007-04-30 05:16:59.996577","0.55882352941176470588","134.73","0.58163598736521076135","27","0.52631578947368421053"
383,"2007-04-30 05:09:13.996577","0.55882352941176470588","93.75","0.35845768434811022764","25","0.47368421052631578947"
230,"2007-04-30 17:48:44.996577","0.58823529411764705882","118.69","0.49428166866354427622","31","0.63157894736842105263"
301,"2007-04-30 19:59:28.996577","0.58823529411764705882","71.85","0.23918963075917656029","15","0.21052631578947368421"
7,"2007-04-30 02:58:29.996577","0.55882352941176470588","130.72","0.55979740768979414007","28","0.55263157894736842105"
254,"2007-04-30 22:21:12.996577","0.58823529411764705882","107.70","0.43442980067530770069","30","0.60526315789473684211"
503,"2007-04-30 15:19:37.996577","0.58823529411764705882","99.72","0.39097048251824419998","28","0.55263157894736842105"
377,"2007-04-30 22:36:27.996577","0.58823529411764705882","93.74","0.35840322404966779218","26","0.50000000000000000000"
78,"2007-04-30 06:00:11.996577","0.55882352941176470588","141.69","0.61954035508114584468","31","0.63157894736842105263"
573,"2007-04-30 15:10:42.996577","0.58823529411764705882","117.72","0.48899901971462803616","28","0.55263157894736842105"
159,"2007-04-30 13:23:37.996577","0.58823529411764705882","58.83","0.16828232218712558545","17","0.26315789473684210526"
250,"2007-04-30 07:14:14.996577","0.55882352941176470588","54.85","0.14660712340703627056","15","0.21052631578947368421"
432,"2007-04-30 15:40:49.996577","0.58823529411764705882","93.80","0.35872998584032240497","20","0.34210526315789473684"
20,"2007-04-30 21:22:18.996577","0.58823529411764705882","103.73","0.41280906219366082126","27","0.52631578947368421053"
319,"2007-04-30 05:03:47.996577","0.55882352941176470588","93.79","0.35867552554187996950","21","0.36842105263157894737"
1,"2007-04-30 01:10:44.996577","0.55882352941176470588","114.70","0.47255200958501252587","30","0.60526315789473684211"
76,"2007-04-30 18:37:58.996577","0.58823529411764705882","74.79","0.25520095850125258686","21","0.36842105263157894737"
106,"2007-04-30 23:31:44.996577","0.58823529411764705882","95.79","0.36956758523036706241","21","0.36842105263157894737"
517,"2007-04-30 17:53:39.996577","0.58823529411764705882","100.76","0.39663435355625748829","24","0.44736842105263157895"
178,"2007-05-14 13:44:29.996577","1.00000000000000000000","194.61","0.90774425443851432306","39","0.84210526315789473684"
129,"2007-04-30 21:52:57.996577","0.58823529411764705882","124.66","0.52679446683367824856","34","0.71052631578947368421"
203,"2007-04-30 03:49:58.996577","0.55882352941176470588","87.81","0.32610826707330356170","19","0.31578947368421052632"
8,"2007-04-30 20:36:55.996577","0.58823529411764705882","85.77","0.31499836619104672694","23","0.42105263157894736842"
585,"2007-05-14 13:44:29.996577","1.00000000000000000000","117.76","0.48921686090839777802","24","0.44736842105263157895"
455,"2007-04-29 00:56:51.996577","0.52941176470588235294","85.78","0.31505282648948916240","22","0.39473684210526315789"
346,"2007-04-30 13:40:39.996577","0.58823529411764705882","145.70","0.64137893475656246596","30","0.60526315789473684211"
71,"2007-04-30 02:00:55.996577","0.55882352941176470588","116.72","0.48355298987038448971","28","0.55263157894736842105"
370,"2007-04-30 19:07:01.996577","0.58823529411764705882","70.81","0.23352575972116327197","19","0.31578947368421052632"
267,"2007-05-14 13:44:29.996577","1.00000000000000000000","142.67","0.62487746432850452020","32","0.65789473684210526316"
68,"2007-04-30 23:53:48.996577","0.58823529411764705882","94.78","0.36406709508768108049","22","0.39473684210526315789"
448,"2007-05-14 13:44:29.996577","1.00000000000000000000","127.73","0.54351377845550593617","26","0.50000000000000000000"
146,"2007-04-28 23:07:07.996577","0.52941176470588235294","126.73","0.53806774861126238972","27","0.52631578947368421053"
80,"2007-05-14 13:44:29.996577","1.00000000000000000000","137.70","0.59781069600261409433","30","0.60526315789473684211"
396,"2007-04-30 23:03:08.996577","0.58823529411764705882","105.74","0.42375558218059034964","26","0.50000000000000000000"
162,"2007-05-14 13:44:29.996577","1.00000000000000000000","59.83","0.17372835203136913190","17","0.26315789473684210526"
511,"2007-04-30 08:50:37.996577","0.58823529411764705882","92.78","0.35317503539919398758","22","0.39473684210526315789"
132,"2007-04-27 23:29:41.996577","0.50000000000000000000","95.72","0.36918636314127001416","28","0.55263157894736842105"
514,"2007-04-30 04:52:01.996577","0.55882352941176470588","69.79","0.22797080928003485459","21","0.36842105263157894737"
322,"2007-04-30 12:48:25.996577","0.58823529411764705882","81.81","0.29343208800784228298","19","0.31578947368421052632"
582,"2007-05-14 13:44:29.996577","1.00000000000000000000","112.76","0.46198671168718004575","24","0.44736842105263157895"
389,"2007-04-30 23:35:53.996577","0.58823529411764705882","119.75","0.50005446029844243546","25","0.47368421052631578947"
330,"2007-05-14 13:44:29.996577","1.00000000000000000000","60.82","0.17911992157717024289","18","0.28947368421052631579"
237,"2007-04-30 17:48:47.996577","0.58823529411764705882","138.69","0.60320226554841520532","31","0.63157894736842105263"
262,"2007-04-30 07:18:51.996577","0.55882352941176470588","114.73","0.47271539048033983226","27","0.52631578947368421053"
451,"2007-04-27 00:48:48.996577","0.47058823529411764706","121.70","0.51067421849471735105","30","0.60526315789473684211"
323,"2007-04-30 17:12:49.996577","0.58823529411764705882","91.75","0.34756562465962313473","25","0.47368421052631578947"
337,"2007-05-14 13:44:29.996577","1.00000000000000000000","111.76","0.45654068184293649929","24","0.44736842105263157895"
348,"2007-04-30 21:57:42.996577","0.58823529411764705882","144.66","0.63571506371854917765","34","0.71052631578947368421"
114,"2007-05-14 13:44:29.996577","1.00000000000000000000","126.70","0.53790436771593508332","30","0.60526315789473684211"
60,"2007-05-14 13:44:29.996577","1.00000000000000000000","88.78","0.33139091602221980176","21","0.36842105263157894737"
504,"2007-04-29 04:30:37.996577","0.52941176470588235294","117.75","0.48916240060995534256","25","0.47368421052631578947"
238,"2007-04-30 10:52:45.996577","0.58823529411764705882","86.81","0.32066223722906001525","19","0.31578947368421052632"
399,"2007-04-30 07:09:20.996577","0.55882352941176470588","73.82","0.24991830955233634680","18","0.28947368421052631579"
112,"2007-04-30 17:17:38.996577","0.58823529411764705882","129.72","0.55435137784555059362","28","0.55263157894736842105"
560,"2007-05-14 13:44:29.996577","1.00000000000000000000","129.71","0.55429691754710815815","28","0.55263157894736842105"
547,"2007-04-29 21:01:20.996577","0.55882352941176470588","87.80","0.32605380677486112624","20","0.34210526315789473684"
289,"2007-04-30 22:25:21.996577","0.58823529411764705882","104.76","0.41841847293323167411","24","0.44736842105263157895"
268,"2007-04-30 23:40:19.996577","0.58823529411764705882","96.79","0.37501361507461060887","21","0.36842105263157894737"
518,"2007-04-29 04:38:01.996577","0.52941176470588235294","108.75","0.44014813201176342446","25","0.47368421052631578947"
65,"2007-04-30 14:40:54.996577","0.58823529411764705882","97.80","0.38051410521729659079","20","0.34210526315789473684"
583,"2007-04-30 09:45:48.996577","0.58823529411764705882","117.77","0.48927132120684021348","23","0.42105263157894736842"
569,"2007-04-30 23:01:26.996577","0.58823529411764705882","113.73","0.46726936063609628581","27","0.52631578947368421053"
124,"2007-04-30 15:45:16.996577","0.58823529411764705882","57.86","0.16299967323820934539","14","0.18421052631578947368"
452,"2007-05-14 13:44:29.996577","1.00000000000000000000","99.71","0.39091602221980176451","29","0.57894736842105263158"
98,"2007-04-30 07:51:04.996577","0.58823529411764705882","102.76","0.40752641324474458120","24","0.44736842105263157895"
200,"2007-05-14 13:44:29.996577","1.00000000000000000000","126.74","0.53812220890970482518","26","0.50000000000000000000"
527,"2007-05-14 13:44:29.996577","1.00000000000000000000","81.76","0.29315978651563010565","24","0.44736842105263157895"
490,"2007-04-30 07:25:02.996577","0.55882352941176470588","105.78","0.42397342337436009149","22","0.39473684210526315789"
235,"2007-04-30 23:14:23.996577","0.58823529411764705882","89.77","0.33678248556802091275","23","0.42105263157894736842"
590,"2007-05-14 13:44:29.996577","1.00000000000000000000","108.76","0.44020259231020585993","24","0.44736842105263157895"
82,"2007-04-30 20:22:48.996577","0.58823529411764705882","118.76","0.49466289075264132447","24","0.44736842105263157895"
119,"2007-04-30 19:15:55.996577","0.58823529411764705882","139.69","0.60864829539265875177","31","0.63157894736842105263"
306,"2007-04-30 23:11:44.996577","0.58823529411764705882","119.72","0.49989107940311512907","28","0.55263157894736842105"
286,"2007-04-30 19:22:46.996577","0.58823529411764705882","96.76","0.37485023417928330247","24","0.44736842105263157895"
376,"2007-04-30 11:56:21.996577","0.58823529411764705882","109.73","0.44548524125912209999","27","0.52631578947368421053"
147,"2007-04-30 08:24:33.996577","0.58823529411764705882","125.68","0.53234941727480666594","32","0.65789473684210526316"
480,"2007-04-30 16:22:05.996577","0.58823529411764705882","83.81","0.30432414769632937588","19","0.31578947368421052632"
338,"2007-04-30 22:01:06.996577","0.58823529411764705882","78.80","0.27703953817666920815","20","0.34210526315789473684"
202,"2007-04-30 21:14:00.996577","0.58823529411764705882","103.74","0.41286352249210325673","26","0.50000000000000000000"
358,"2007-04-30 23:01:53.996577","0.58823529411764705882","75.80","0.26070144864393856878","20","0.34210526315789473684"
412,"2007-05-14 13:44:29.996577","1.00000000000000000000","74.83","0.25541879969502232872","17","0.26315789473684210526"
79,"2007-04-30 15:51:05.996577","0.58823529411764705882","73.81","0.24986384925389391134","19","0.31578947368421052632"
26,"2007-04-30 22:00:06.996577","0.58823529411764705882","146.68","0.64671604400392114149","32","0.65789473684210526316"
564,"2007-04-30 20:10:01.996577","0.58823529411764705882","82.78","0.29871473695675852304","22","0.39473684210526315789"
72,"2007-04-30 19:33:44.996577","0.58823529411764705882","88.73","0.33111861453000762444","27","0.52631578947368421053"
535,"2007-04-30 23:29:32.996577","0.58823529411764705882","122.72","0.51622916893584576843","28","0.55263157894736842105"
579,"2007-05-14 13:44:29.996577","1.00000000000000000000","111.73","0.45637730094760919290","27","0.52631578947368421053"
510,"2007-04-30 20:13:54.996577","0.58823529411764705882","102.77","0.40758087354318701666","23","0.42105263157894736842"
232,"2007-04-30 21:07:14.996577","0.58823529411764705882","86.77","0.32044439603529027339","23","0.42105263157894736842"
77,"2007-04-30 22:37:59.996577","0.58823529411764705882","85.77","0.31499836619104672694","23","0.42105263157894736842"
131,"2007-04-30 22:18:20.996577","0.58823529411764705882","112.73","0.46182333079185273935","27","0.52631578947368421053"
198,"2007-04-30 20:47:09.996577","0.58823529411764705882","124.68","0.52690338743056311949","32","0.65789473684210526316"
17,"2007-04-30 22:11:58.996577","0.58823529411764705882","87.82","0.32616272737174599717","18","0.28947368421052631579"
310,"2007-04-30 23:47:28.996577","0.58823529411764705882","68.87","0.22296046182333079185","13","0.15789473684210526316"
212,"2007-04-30 01:25:52.996577","0.55882352941176470588","91.80","0.34783792615183531206","20","0.34210526315789473684"
37,"2007-04-30 01:04:37.996577","0.55882352941176470588","91.79","0.34778346585339287659","21","0.36842105263157894737"
28,"2007-05-14 13:44:29.996577","1.00000000000000000000","105.70","0.42353774098682060778","30","0.60526315789473684211"
404,"2007-04-30 21:31:58.996577","0.58823529411764705882","133.71","0.57608103692408234397","29","0.57894736842105263158"
584,"2007-04-30 20:38:43.996577","0.58823529411764705882","114.73","0.47271539048033983226","27","0.52631578947368421053"
353,"2007-04-30 18:18:01.996577","0.58823529411764705882","65.83","0.20640453109683041063","17","0.26315789473684210526"
489,"2007-04-30 20:53:12.996577","0.58823529411764705882","91.81","0.34789238645027774752","19","0.31578947368421052632"
515,"2007-04-30 21:22:56.996577","0.58823529411764705882","110.74","0.45098573140180808191","26","0.50000000000000000000"
574,"2007-04-30 07:54:23.996577","0.58823529411764705882","108.73","0.44003921141487855353","27","0.52631578947368421053"
225,"2007-04-30 20:30:35.996577","0.58823529411764705882","111.76","0.45654068184293649929","24","0.44736842105263157895"
83,"2007-05-14 13:44:29.996577","1.00000000000000000000","96.78","0.37495915477616817340","22","0.39473684210526315789"
333,"2007-04-30 17:53:21.996577","0.58823529411764705882","89.78","0.33683694586646334822","22","0.39473684210526315789"
63,"2007-04-30 20:47:42.996577","0.58823529411764705882","112.75","0.46193225138873761028","25","0.47368421052631578947"
571,"2007-04-30 19:00:35.996577","0.58823529411764705882","107.78","0.43486548306284718440","22","0.39473684210526315789"
516,"2007-05-14 13:44:29.996577","1.00000000000000000000","92.76","0.35306611480230911665","23","0.42105263157894736842"
216,"2007-05-14 13:44:29.996577","1.00000000000000000000","90.78","0.34228297571070689467","21","0.36842105263157894737"
174,"2007-04-30 15:02:55.996577","0.58823529411764705882","81.81","0.29343208800784228298","19","0.31578947368421052632"
45,"2007-04-28 12:15:47.996577","0.52941176470588235294","124.74","0.52723014922121773227","26","0.50000000000000000000"
542,"2007-04-29 09:30:34.996577","0.55882352941176470588","84.84","0.30993355843590022873","16","0.23684210526315789474"
395,"2007-04-28 12:58:39.996577","0.52941176470588235294","57.81","0.16272737174599716806","19","0.31578947368421052632"
295,"2007-05-14 13:44:29.996577","1.00000000000000000000","125.72","0.53256725846857640780","28","0.55263157894736842105"
213,"2007-05-14 13:44:29.996577","1.00000000000000000000","110.73","0.45093127110336564644","27","0.52631578947368421053"
134,"2007-04-29 13:27:30.996577","0.55882352941176470588","77.81","0.27164796863086809716","19","0.31578947368421052632"
274,"2007-05-14 13:44:29.996577","1.00000000000000000000","116.73","0.48360745016882692517","27","0.52631578947368421053"
163,"2007-05-14 13:44:29.996577","1.00000000000000000000","122.71","0.51617470863740333297","28","0.55263157894736842105"
223,"2007-04-30 17:44:05.996577","0.58823529411764705882","77.84","0.27181134952619540355","16","0.23684210526315789474"
352,"2007-05-14 13:44:29.996577","1.00000000000000000000","96.78","0.37495915477616817340","22","0.39473684210526315789"
36,"2007-04-30 17:20:45.996577","0.58823529411764705882","90.75","0.34211959481537958828","25","0.47368421052631578947"
221,"2007-04-30 20:48:30.996577","0.58823529411764705882","127.73","0.54351377845550593617","27","0.52631578947368421053"
362,"2007-04-30 08:49:58.996577","0.58823529411764705882","140.69","0.61409432523690229822","31","0.63157894736842105263"
102,"2007-04-30 14:47:05.996577","0.58823529411764705882","129.70","0.55424245724866572269","30","0.60526315789473684211"
430,"2007-04-30 20:32:30.996577","0.58823529411764705882","71.80","0.23891732926696438296","20","0.34210526315789473684"
158,"2007-04-30 18:33:14.996577","0.58823529411764705882","115.70","0.47799803942925607232","30","0.60526315789473684211"
594,"2007-04-30 09:32:46.996577","0.58823529411764705882","108.77","0.44025705260864829539","23","0.42105263157894736842"
460,"2007-04-29 13:34:18.996577","0.55882352941176470588","97.79","0.38045964491885415532","21","0.36842105263157894737"
533,"2007-05-14 13:44:29.996577","1.00000000000000000000","132.70","0.57058054678139636205","30","0.60526315789473684211"
499,"2007-04-30 01:41:39.996577","0.55882352941176470588","120.71","0.50528264894891624006","29","0.57894736842105263158"
265,"2007-04-30 19:21:11.996577","0.58823529411764705882","132.72","0.57068946737828123298","28","0.55263157894736842105"
111,"2007-05-14 13:44:29.996577","1.00000000000000000000","94.75","0.36390371419235377410","25","0.47368421052631578947"
459,"2007-04-30 19:42:57.996577","0.58823529411764705882","183.63","0.84794684674872018299","37","0.78947368421052631579"
16,"2007-04-30 09:40:29.996577","0.58823529411764705882","109.75","0.44559416185600697092","25","0.47368421052631578947"
207,"2007-04-30 04:18:19.996577","0.55882352941176470588","119.72","0.49989107940311512907","28","0.55263157894736842105"
62,"2007-04-30 18:35:36.996577","0.58823529411764705882","78.79","0.27698507787822677268","21","0.36842105263157894737"
123,"2007-04-30 23:33:52.996577","0.58823529411764705882","97.77","0.38035072432196928439","23","0.42105263157894736842"
326,"2007-04-30 22:05:25.996577","0.58823529411764705882","64.82","0.20090404095414442871","18","0.28947368421052631579"
568,"2007-05-14 13:44:29.996577","1.00000000000000000000","66.79","0.21163271974730421523","21","0.36842105263157894737"
385,"2007-04-30 06:07:58.996577","0.55882352941176470588","93.76","0.35851214464655266311","24","0.44736842105263157895"
371,"2007-04-30 07:49:25.996577","0.58823529411764705882","123.71","0.52162073848164687942","29","0.57894736842105263158"
492,"2007-04-27 07:29:49.996577","0.47058823529411764706","62.85","0.19017536216098464220","15","0.21052631578947368421"
544,"2007-04-30 02:14:52.996577","0.55882352941176470588","92.80","0.35328395599607885851","20","0.34210526315789473684"
365,"2007-04-30 10:38:45.996577","0.58823529411764705882","92.79","0.35322949569763642305","21","0.36842105263157894737"
157,"2007-04-30 23:13:53.996577","0.58823529411764705882","107.71","0.43448426097375013615","29","0.57894736842105263158"
413,"2007-04-28 03:29:44.996577","0.50000000000000000000","65.81","0.20629561049994553970","19","0.31578947368421052632"
308,"2007-04-30 21:50:35.996577","0.58823529411764705882","81.81","0.29343208800784228298","19","0.31578947368421052632"
183,"2007-04-30 13:46:45.996577","0.58823529411764705882","75.78","0.26059252804705369785","22","0.39473684210526315789"
100,"2007-05-14 13:44:29.996577","1.00000000000000000000","101.77","0.40213484369894347021","23","0.42105263157894736842"
313,"2007-04-30 10:40:26.996577","0.58823529411764705882","63.84","0.19556693170678575319","16","0.23684210526315789474"
150,"2007-04-30 08:04:52.996577","0.58823529411764705882","94.78","0.36406709508768108049","22","0.39473684210526315789"
140,"2007-04-30 18:50:01.996577","0.58823529411764705882","83.82","0.30437860799477181135","18","0.28947368421052631579"
248,"2007-04-28 05:38:37.996577","0.50000000000000000000","37.87","0.05413353665178085176","13","0.15789473684210526316"
137,"2007-04-30 22:08:37.996577","0.58823529411764705882","191.62","0.89146062520422611916","38","0.81578947368421052632"
421,"2007-05-14 13:44:29.996577","1.00000000000000000000","117.75","0.48916240060995534256","25","0.47368421052631578947"
208,"2007-05-14 13:44:29.996577","1.00000000000000000000","86.75","0.32033547543840540246","24","0.44736842105263157895"
24,"2007-04-30 13:37:13.996577","0.58823529411764705882","85.77","0.31499836619104672694","23","0.42105263157894736842"
392,"2007-04-30 18:40:28.996577","0.58823529411764705882","91.77","0.34767454525650800566","23","0.42105263157894736842"
191,"2007-05-14 13:44:29.996577","1.00000000000000000000","66.82","0.21179610064263152162","18","0.28947368421052631579"
429,"2007-04-30 11:13:00.996577","0.58823529411764705882","78.84","0.27725737937043895001","16","0.23684210526315789474"
25,"2007-04-30 19:17:39.996577","0.58823529411764705882","104.73","0.41825509203790436772","27","0.52631578947368421053"
141,"2007-04-30 06:18:22.996577","0.55882352941176470588","127.69","0.54329593726173619431","31","0.63157894736842105263"
122,"2007-04-30 13:16:23.996577","0.58823529411764705882","120.70","0.50522818865047380460","30","0.60526315789473684211"
94,"2007-05-14 13:44:29.996577","1.00000000000000000000","71.81","0.23897178956540681843","19","0.31578947368421052632"
218,"2007-04-30 19:41:24.996577","0.58823529411764705882","67.82","0.21724213048687506808","18","0.28947368421052631579"
570,"2007-05-14 13:44:29.996577","1.00000000000000000000","91.75","0.34756562465962313473","25","0.47368421052631578947"
49,"2007-04-30 20:42:18.996577","0.58823529411764705882","116.76","0.48377083106415423157","24","0.44736842105263157895"
434,"2007-04-30 16:52:56.996577","0.58823529411764705882","122.74","0.51633808953273063936","26","0.50000000000000000000"
211,"2007-05-14 13:44:29.996577","1.00000000000000000000","146.67","0.64666158370547870602","33","0.68421052631578947368"
580,"2007-04-30 20:54:05.996577","0.58823529411764705882","98.74","0.38563337327088552445","26","0.50000000000000000000"
530,"2007-05-14 13:44:29.996577","1.00000000000000000000","75.78","0.26059252804705369785","22","0.39473684210526315789"
536,"2007-04-30 19:06:48.996577","0.58823529411764705882","109.77","0.44570308245289184185","23","0.42105263157894736842"
465,"2007-04-27 19:01:34.996577","0.50000000000000000000","68.84","0.22279708092800348546","16","0.23684210526315789474"
449,"2007-04-30 18:38:45.996577","0.58823529411764705882","80.83","0.28809497876048360745","17","0.26315789473684210526"
64,"2007-05-14 13:44:29.996577","1.00000000000000000000","91.70","0.34729332316741095741","30","0.60526315789473684211"
520,"2007-04-30 18:19:03.996577","0.58823529411764705882","127.69","0.54329593726173619431","31","0.63157894736842105263"
55,"2007-04-30 15:03:23.996577","0.58823529411764705882","84.81","0.30977017754057292234","19","0.31578947368421052632"
148,"2007-04-30 23:37:32.996577","0.58823529411764705882","211.55","1.00000000000000000000","45","1.00000000000000000000"
